{
  "object_id": "0",
  "contests": {
    "2": {
      "object_id": "2",
      "sequence_order": 0,
      "description_hash": "6313A0D75792AFE7FEBC8904191A18F5AFA1B641235D26ED905EB6022DEA972A",
      "selections": {
        "2-0-a": {
          "object_id": "2-0-a",
          "sequence_order": 0,
          "description_hash": "78E7D61CA199F6F5A2A31D0761CF51D0FC1129B2BF601AE82D5911DF988AFD88",
          "ciphertext": {
            "pad": "01",
            "data": "01"
          }
        },
        "2-2-placeholder": {
          "object_id": "2-2-placeholder",
          "sequence_order": 2,
          "description_hash": "01424C7C745E241812D3B95993186B1AEFD8BB1C32CB81AFBB99D3C6358F2528",
          "ciphertext": {
            "pad": "01",
            "data": "01"
          }
        },
        "2-1-b": {
          "object_id": "2-1-b",
          "sequence_order": 1,
          "description_hash": "E49651C9D87111EF67E942F5BB7917A6E04EDF27D622A674773EDFC537694699",
          "ciphertext": {
            "pad": "01",
            "data": "01"
          }
        }
      }
    }
  }
}